City_ID,City,Lat,Lng,Max Temp,Humidity,Cloudiness,Wind Speed,Country,Date
0,thompson,55.7435,-97.8558,10.09,71,0,2.57,CA,1719747046
1,puerto natales,-51.7236,-72.4875,4.0,83,99,5.27,CL,1719747048
2,edinburgh of the seven seas,-37.0676,-12.3116,15.13,97,100,8.13,SH,1719747050
3,tiksi,71.6872,128.8694,8.58,54,34,1.66,RU,1719747052
4,colby,39.3958,-101.0524,15.56,80,0,5.14,US,1719747054
5,hermanus,-34.4187,19.2345,21.56,47,6,0.61,ZA,1719747056
6,tayshet,55.9342,98.0044,31.43,38,2,2.24,RU,1719747058
7,saint-francois,46.4154,3.9054,17.04,88,75,5.14,FR,1719747061
8,papatowai,-46.5619,169.4708,8.19,79,100,2.28,NZ,1719747063
9,cutral-co,-38.9469,-69.2089,6.11,29,51,4.54,AR,1719747065
10,bredasdorp,-34.5322,20.0403,20.12,49,33,2.46,ZA,1719747067
11,minas de marcona,-15.2119,-75.1103,10.89,90,40,3.4,PE,1719747069
12,aasiaat,68.7098,-52.8699,2.49,96,100,0.95,GL,1719747071
13,marka,1.7159,44.7717,27.88,68,35,9.85,SO,1719747073
14,salinopolis,-0.6136,-47.3561,27.52,85,38,4.27,BR,1719747074
15,afaahiti,-17.75,-149.2833,24.93,78,13,11.69,PF,1719747076
16,port mathurin,-19.6833,63.4167,23.0,77,54,11.69,MU,1719747078
17,kailua-kona,19.6406,-155.9956,23.98,78,0,2.06,US,1719747080
18,college,64.8569,-147.8028,18.78,69,100,0.0,US,1719747082
19,saint-joseph,-21.3667,55.6167,24.21,66,67,1.7,RE,1719747084
20,ulladulla,-35.35,150.4667,8.34,79,62,5.79,AU,1719747085
21,bracebridge,45.0334,-79.3163,14.93,94,100,3.6,CA,1719747087
22,broken hill,-31.95,141.4333,6.56,59,5,4.21,AU,1719747031
23,susuman,62.7833,148.1667,10.37,61,100,3.09,RU,1719747091
24,isoka,-10.1606,32.6335,26.18,26,9,2.84,ZM,1719747092
25,queenstown,-31.8976,26.8753,19.27,38,55,9.44,ZA,1719747094
26,avarua,-21.2078,-159.775,25.03,83,75,6.17,CK,1719746809
27,ushuaia,-54.8,-68.3,1.81,69,75,6.17,AR,1719747098
28,ghadamis,30.1337,9.5007,43.13,8,0,2.08,LY,1719747101
29,tver,56.8619,35.8931,25.12,71,25,1.2,RU,1719747102
30,rio grande,-32.035,-52.0986,4.06,74,39,6.03,BR,1719747104
31,wailua homesteads,22.0669,-159.378,23.75,83,100,7.2,US,1719747107
32,figuig (centre),32.1089,-1.2286,40.95,6,0,9.04,MA,1719747109
33,blackmans bay,-43.0167,147.3167,5.07,88,93,0.45,AU,1719747111
34,vadso,70.0744,29.7487,9.49,93,75,7.2,NO,1719747113
35,adamstown,-25.066,-130.1015,19.05,54,100,10.92,PN,1719747115
36,utrik,11.2278,169.8474,27.93,79,100,7.45,MH,1719747117
37,qaqortoq,60.7167,-46.0333,0.23,94,26,1.1,GL,1719747119
38,port-aux-francais,-49.35,70.2167,2.26,99,100,13.59,TF,1719747121
39,la manga del mar menor,37.6413,-0.7165,31.23,61,0,3.09,ES,1719747123
40,mukalla,14.5425,49.1242,37.2,42,73,12.54,YE,1719747125
41,caldas das taipas,41.4847,-8.3485,19.41,82,100,1.79,PT,1719747127
42,port alfred,-33.5906,26.891,20.1,76,53,1.34,ZA,1719747130
43,touros,-5.1989,-35.4608,26.69,75,66,5.04,BR,1719747132
44,hawaiian paradise park,19.5933,-154.9731,20.73,82,40,2.57,US,1719747134
45,yellowknife,62.456,-114.3525,14.67,79,40,1.54,CA,1719747136
46,nantucket,41.2835,-70.0995,22.78,96,100,9.71,US,1719747139
47,kilindoni,-7.9139,39.6668,25.97,73,59,7.09,TZ,1719747141
48,san antonio de pale,-1.4014,5.6325,23.96,81,38,5.77,GQ,1719747143
49,neiafu,-18.65,-173.9833,24.27,83,44,5.79,TO,1719747145
50,alma,48.5501,-71.6491,18.56,94,76,2.05,CA,1719747127
51,waitangi,-43.9535,-176.5597,7.12,68,7,2.63,NZ,1719747148
52,badger,64.8,-147.5333,18.73,73,0,0.45,US,1719747150
53,port augusta,-32.5,137.7667,8.44,64,6,3.49,AU,1719747152
54,grytviken,-54.2811,-36.5092,-9.47,88,68,3.96,GS,1719747153
55,longyearbyen,78.2186,15.6401,9.91,46,0,8.23,SJ,1719747088
56,lashkar gah,31.5938,64.3716,45.38,6,0,3.56,AF,1719747157
57,peace river,56.2501,-117.286,14.81,96,75,1.03,CA,1719747159
58,bilibino,68.0546,166.4372,13.39,86,90,1.36,RU,1719747161
59,howard springs,-12.497,131.047,26.95,82,91,3.22,AU,1719747164
60,olonkinbyen,70.9221,-8.7187,2.67,85,98,2.09,SJ,1719747166
61,mar del plata,-38.0023,-57.5575,3.38,77,0,3.09,AR,1719747167
62,punta arenas,-53.15,-70.9167,-0.94,100,40,4.12,CL,1719747170
63,talnakh,69.4865,88.3972,8.23,57,100,1.38,RU,1719747172
64,st. john's,47.5649,-52.7093,13.87,86,75,6.69,CA,1719747174
65,bereznik,62.8551,42.7072,27.4,35,37,4.24,RU,1719747176
66,ola,59.5833,151.2833,8.39,96,100,1.75,RU,1719747178
67,colonia,50.9333,6.95,22.38,78,75,3.6,DE,1719747181
68,karatau,43.1667,70.4667,33.13,17,1,8.94,KZ,1719747183
69,udachny,66.4167,112.4,12.08,64,93,6.52,RU,1719747185
70,vukovar,45.3433,18.9997,31.87,51,0,3.6,HR,1719747187
71,vorgashor,67.5833,63.95,9.84,81,98,6.03,RU,1719747189
72,molchanovo,57.5817,83.7692,26.61,43,30,5.46,RU,1719747191
73,karachev,53.1229,34.9852,29.28,44,36,0.87,RU,1719747193
74,west island,-12.1568,96.8225,26.99,78,40,7.72,CC,1719747195
75,tofol,5.3248,163.0078,28.65,76,86,5.86,FM,1719747196
76,margaret river,-33.95,115.0667,11.89,74,7,2.65,AU,1719747198
77,iqaluit,63.7506,-68.5145,1.85,93,100,3.09,CA,1719747200
78,malone,44.8487,-74.2949,21.97,90,71,4.85,US,1719747202
79,zheleznogorsk-ilimskiy,56.5768,104.1217,26.31,49,99,2.11,RU,1719747204
80,cameron,26.117,-97.5169,27.98,91,100,5.66,US,1719747206
81,petropavlovsk-kamchatsky,53.0452,158.6483,16.33,72,75,2.0,RU,1719747017
82,flying fish cove,-10.4217,105.6791,25.82,94,100,6.17,CX,1719747213
83,orsa,54.5153,30.4053,26.01,56,5,2.29,BY,1719747183
84,kirakira,-10.4544,161.9205,26.08,88,54,5.8,SB,1719747219
85,gorey,52.6747,-6.2925,15.32,70,92,3.08,IE,1719747220
86,swakopmund,-22.6833,14.5333,15.55,82,19,2.24,NA,1719747161
87,ixtapa,20.7,-105.2,25.13,100,75,0.0,MX,1719747224
88,cihuatlan,19.2366,-104.5651,22.06,94,99,1.03,MX,1719747226
89,castillos,-34.1667,-53.8333,3.03,72,16,3.71,UY,1719747228
90,paracuru,-3.41,-39.0306,27.28,73,88,5.09,BR,1719747230
91,pak phanang,8.3511,100.202,28.01,79,68,1.97,TH,1719747232
92,iskateley,67.6803,53.1512,10.19,68,100,4.06,RU,1719747234
93,tsiombe,-25.3,45.4833,27.22,20,0,1.01,MG,1719747236
94,umm kaddadah,13.6017,26.6876,36.73,27,100,5.44,SD,1719747238
95,westport,41.1415,-73.3579,24.7,88,100,2.24,US,1719747006
96,skeldon,5.8833,-57.1333,24.18,94,93,0.83,GY,1719747241
97,hilo,19.7297,-155.09,20.9,82,40,2.57,US,1719747243
98,mahina,-17.5065,-149.489,25.87,61,0,3.09,PF,1719747028
99,puerto ayora,-0.7393,-90.3518,20.86,98,16,0.45,EC,1719747248
100,north bend,43.4065,-124.2243,16.03,94,100,0.0,US,1719747250
101,tazacorte,28.629,-17.9293,23.42,81,75,5.14,ES,1719747252
102,fisterra,42.9049,-9.2629,17.64,88,53,2.15,ES,1719747254
103,chonchi,-42.6128,-73.8092,9.56,95,100,2.38,CL,1719747257
104,cabo san lucas,22.8909,-109.9124,24.54,65,1,4.1,MX,1719747194
105,lake charles,30.2131,-93.2044,26.99,96,0,1.54,US,1719747018
106,hamilton,39.1834,-84.5333,23.97,95,0,0.89,US,1719747263
107,aykhal,66.0,111.5,17.51,52,94,1.23,RU,1719747265
108,usinsk,65.9939,57.5281,13.53,88,100,4.71,RU,1719747267
109,south grafton,-29.7,152.95,18.59,74,100,1.64,AU,1719747019
110,stanley,54.868,-1.6985,14.6,73,100,4.51,GB,1719747270
111,albany,42.6001,-73.9662,24.24,82,100,0.45,US,1719747272
112,mwene-ditu,-7.0,23.45,32.4,21,68,2.25,CD,1719747276
113,arkalyk,50.2486,66.9114,17.41,52,82,7.05,KZ,1719747277
114,taoudenni,22.6783,-3.9836,46.22,6,0,6.12,ML,1719747279
115,osmanabad,18.1667,76.05,28.66,63,100,6.17,IN,1719747281
116,palikir - national government center,6.9248,158.1611,25.41,94,100,2.57,FM,1719747283
117,hami,42.8,93.45,36.19,15,31,3.65,CN,1719747284
118,dryden,49.7833,-92.7503,7.16,87,0,3.09,CA,1719747286
119,beira,-19.8436,34.8389,28.05,83,20,3.09,MZ,1719747288
120,whitehorse,60.7161,-135.0538,15.43,62,75,4.12,CA,1719747162
121,remire-montjoly,4.9167,-52.2667,27.02,89,0,2.57,GF,1719747291
122,kananga,-5.8958,22.4178,35.94,18,65,1.94,CD,1719747293
123,tazovsky,67.4667,78.7,11.61,47,41,2.86,RU,1719747295
124,calbuco,-41.768,-73.1273,6.56,91,100,7.72,CL,1719747297
125,san rafael del yuma,18.4299,-68.6739,26.76,83,52,2.42,DO,1719747299
126,vila franca do campo,37.7167,-25.4333,21.23,70,61,3.92,PT,1719747301
127,enewetak,11.3474,162.3373,28.22,80,58,6.51,MH,1719747303
128,lianzhou,24.7811,112.3825,25.94,96,100,1.29,CN,1719747305
129,mossel bay,-34.1831,22.146,17.96,74,81,2.42,ZA,1719747307
130,kodiak,57.79,-152.4072,8.73,100,100,4.12,US,1719747228
131,bikin,46.8161,134.26,14.32,99,100,2.3,RU,1719747311
132,t'aebaek,37.1759,128.9889,18.34,97,62,1.98,KR,1719747314
133,polyarnyy,69.1989,33.4478,12.24,89,98,4.37,RU,1719747316
134,keflavik,64.0049,-22.5624,13.95,93,100,13.89,IS,1719747318
135,blackwater,-23.5833,148.8833,18.83,77,22,3.03,AU,1719747321
136,bethel,41.3712,-73.414,24.81,88,100,1.79,US,1719747323
137,akwanga,8.9167,8.3833,30.21,56,28,2.7,NG,1719747324
138,cam ranh,11.9214,109.1591,28.98,65,20,4.63,VN,1719747326
139,isafjordur,66.0755,-23.124,17.02,59,75,3.6,IS,1719747328
140,carutapera,-1.195,-46.02,28.42,75,28,3.6,BR,1719747330
141,saldanha,-33.0117,17.9442,16.03,77,51,5.17,ZA,1719747332
142,akita,39.7167,140.1167,23.52,94,75,5.66,JP,1719747334
143,ozark,37.0209,-93.206,22.67,97,96,5.3,US,1719747336
144,cacapava do sul,-30.5122,-53.4914,3.02,71,2,1.07,BR,1719747338
145,hasaki,35.7333,140.8333,26.27,90,100,10.91,JP,1719747341
146,brezina,33.0989,1.2608,40.95,7,0,5.21,DZ,1719747343
147,geraldton,-28.7667,114.6,13.23,88,0,5.66,AU,1719747345
148,winterset,41.3308,-94.0138,14.68,95,4,2.51,US,1719747347
149,ribeira grande,38.5167,-28.7,23.22,64,20,6.69,PT,1719747349
150,uturoa,-16.7333,-151.4333,26.42,74,49,11.02,PF,1719747351
151,semur-en-auxois,47.4833,4.3333,13.6,95,100,2.69,FR,1719747354
152,dabat,12.9842,37.765,19.68,55,38,3.73,ET,1719747356
153,yoloten,37.2989,62.3597,37.71,15,1,6.5,TM,1719747358
154,wagar,16.1525,36.2032,39.9,20,0,6.67,SD,1719747362
155,jinghong,21.991,100.7341,24.5,95,96,1.42,CN,1719747363
156,jamestown,42.097,-79.2353,21.96,100,40,3.6,US,1719747134
157,vizinga,61.0749,50.1031,28.93,35,0,4.72,RU,1719747368
158,riberalta,-10.9833,-66.1,18.11,82,100,3.09,BO,1719747370
159,mvurwi,-17.0333,30.85,19.38,33,80,1.03,ZW,1719747372
160,yumaguzino,52.9041,56.3933,17.4,68,79,7.15,RU,1719747375
161,labuan,5.2767,115.2417,26.2,94,40,0.0,MY,1719747376
162,kapa'a,22.0752,-159.319,24.5,83,100,7.2,US,1719747380
163,adler,43.43,39.92,28.09,51,20,4.0,RU,1719747382
164,nagqu,31.5,92.0,14.41,33,76,6.81,CN,1719747384
165,amga,60.8953,131.9608,16.34,63,77,0.86,RU,1719747385
166,tolanaro,-25.0319,46.9987,25.04,57,20,9.26,MG,1719747387
167,masterton,-40.9597,175.6575,11.6,90,82,1.44,NZ,1719747392
168,ribeira brava,32.65,-17.0667,23.89,79,0,4.06,PT,1719747394
169,bubaque,11.2833,-15.8333,27.25,82,86,4.67,GW,1719747396
170,massakory,12.996,15.7293,37.82,30,93,3.3,TD,1719747399
171,alaghsas,17.0187,8.0168,37.94,27,0,4.63,NE,1719747403
172,nadi,-17.8,177.4167,23.0,73,20,4.12,FJ,1719747406
173,fortuna,40.5982,-124.1573,13.29,97,100,0.0,US,1719747408
174,harper,4.375,-7.7169,27.17,74,100,4.74,LR,1719747410
175,businga,3.3333,20.8833,36.48,30,69,0.74,CD,1719747412
176,guane,22.2025,-84.0875,25.82,91,100,2.93,CU,1719747414
177,champa,22.05,82.65,29.7,68,94,4.12,IN,1719747417
178,nguigmi,14.2495,13.1092,37.4,30,78,4.76,NE,1719747419
179,cole harbour,44.6724,-63.4751,15.66,94,100,1.79,CA,1719747178
180,byron bay,-28.65,153.6167,19.84,85,48,3.58,AU,1719747423
181,turpan,42.9333,89.1667,43.82,9,100,1.71,CN,1719747426
182,colon,9.3592,-79.9014,26.19,88,15,1.79,PA,1719747428
183,vilyuchinsk,52.9306,158.4028,17.15,80,100,0.44,RU,1719747430
184,bor,56.3567,44.0669,28.96,44,4,3.04,RU,1719747434
185,pandan,14.0453,124.1694,27.47,86,69,2.54,PH,1719747439
186,fale old settlement,-9.3852,-171.2468,28.91,75,36,9.6,TK,1719747441
187,chernyshevskiy,63.0128,112.4714,22.66,57,18,2.01,RU,1719747442
188,bel ombre,-4.6167,55.4167,28.91,79,40,6.17,SC,1719747445
189,bonthe,7.5264,-12.505,28.76,70,94,3.46,SL,1719747447
190,carnarvon,-24.8667,113.6333,19.51,52,0,6.65,AU,1719747450
191,shalqar,47.8333,59.6,15.89,54,99,8.17,KZ,1719747452
192,argo,37.6333,22.7333,30.99,22,0,8.69,GR,1719747456
193,walvis bay,-22.9575,14.5053,15.61,72,11,3.09,NA,1719747459
194,al kharj,24.155,47.3346,44.32,5,20,4.37,SA,1719747462
195,sur,22.5667,59.5289,35.16,44,100,5.89,OM,1719747466
196,gadzhiyevo,69.2551,33.3362,10.86,93,100,3.83,RU,1719747468
197,invercargill,-46.4,168.35,6.77,83,100,1.75,NZ,1719747470
198,new norfolk,-42.7826,147.0587,5.72,97,50,1.21,AU,1719747472
199,wajir,1.7471,40.0573,34.1,29,48,8.38,KE,1719747474
200,guiuan,11.0333,125.7247,29.35,74,100,2.9,PH,1719747476
201,cidreira,-30.1811,-50.2056,5.2,79,7,6.07,BR,1719747478
202,nova olinda do norte,-3.8881,-59.0942,26.68,69,30,0.72,BR,1719747480
203,iquitos,-3.7481,-73.2472,24.02,100,75,0.0,PE,1719747482
204,anadyr,64.75,177.4833,5.28,100,100,5.0,RU,1719747484
205,onega,63.9061,38.1404,18.49,51,88,2.91,RU,1719747486
206,kiunga,-6.1219,141.2906,23.85,99,98,1.17,PG,1719747487
207,hadibu,12.65,54.0333,30.02,57,65,10.55,YE,1719747489
208,manokwari,-0.8667,134.0833,26.17,84,100,1.29,ID,1719747491
209,dudinka,69.4058,86.1778,8.62,53,100,2.54,RU,1719747493
210,ilulissat,69.2167,-51.1,3.01,100,75,2.06,GL,1719747495
211,al mawsil al jadidah,36.3346,43.0978,41.73,9,0,1.8,IQ,1719747497
212,markovo,57.3206,107.0881,28.15,47,31,1.6,RU,1719747499
213,tobelo,1.7284,128.0095,26.8,82,100,1.04,ID,1719747501
214,barah,13.7,30.3667,33.61,36,91,4.78,SD,1719747503
215,mega,4.05,38.3,19.11,60,100,6.39,ET,1719747505
216,zharkent,44.1628,80.0,33.93,24,100,6.49,KZ,1719747507
217,isangel,-19.55,169.2667,22.35,64,2,6.08,VU,1719747508
218,krasnyy kholm,58.0607,37.1203,25.38,53,25,2.65,RU,1719747510
219,belel,7.05,14.4333,24.61,64,47,0.18,CM,1719747512
220,badagry,6.4167,2.8833,25.49,87,100,2.28,NG,1719747514
221,khabary,53.6259,79.5345,27.44,48,11,3.51,RU,1719747517
222,vernon,50.2581,-119.2691,18.2,77,100,0.89,CA,1719747518
223,faya-largeau,17.9257,19.1043,42.57,8,80,3.35,TD,1719747520
224,georgetown,5.4112,100.3354,29.97,62,20,2.57,MY,1719747522
225,murzuq,25.9155,13.9184,37.0,14,1,6.97,LY,1719747524
226,palos verdes estates,33.8006,-118.3901,18.19,94,100,1.54,US,1719747392
227,sittwe,20.15,92.9,28.59,83,100,7.34,MM,1719747527
228,murun-kuren,49.6342,100.1625,26.39,29,18,3.46,MN,1719747529
229,villa huidobro,-34.8383,-64.5869,4.89,41,4,3.3,AR,1719747531
230,sompeta,18.9333,84.6,27.65,83,100,5.36,IN,1719747533
231,tadine,-21.55,167.8833,20.71,69,100,5.14,NC,1719747535
232,fort bragg,35.139,-79.006,27.33,89,20,3.09,US,1719747537
233,port elizabeth,-33.918,25.5701,20.61,68,0,5.66,ZA,1719747539
234,acarau,-2.8856,-40.12,27.5,73,25,6.32,BR,1719747541
235,kirkland lake,48.1446,-80.0377,7.16,93,100,3.6,CA,1719747543
236,lebu,-37.6167,-73.65,6.61,83,100,3.27,CL,1719747545
237,lagos,6.5833,3.75,29.18,77,84,2.85,NG,1719747547
238,brooks,50.5834,-111.8851,8.99,90,89,2.06,CA,1719747551
239,milazzo,38.2212,15.2383,30.99,66,0,3.13,IT,1719747553
240,arteche,12.2645,125.4048,26.92,87,63,2.03,PH,1719747555
241,ust-nera,64.5667,143.2,10.77,64,61,1.13,RU,1719747557
242,volkhov,59.9258,32.3382,25.15,28,68,2.32,RU,1719747559
243,port lincoln,-34.7333,135.8667,11.75,68,54,3.74,AU,1719747561
244,urengoy,65.9667,78.3667,16.96,40,71,2.55,RU,1719747563
245,torres,-29.3353,-49.7269,4.92,61,1,2.34,BR,1719747565
246,ancud,-41.8697,-73.8203,9.61,91,100,5.33,CL,1719747567
247,eyl,7.9803,49.8164,34.79,38,66,11.94,SO,1719747569
248,yuzhno-kurilsk,44.0306,145.8556,13.61,92,96,3.25,RU,1719747570
249,jaisalmer,26.9147,70.9181,38.38,40,32,5.05,IN,1719747572
250,arraial do cabo,-22.9661,-42.0278,20.92,73,100,4.12,BR,1719747574
251,paphos,34.7667,32.4167,32.91,66,20,4.12,CY,1719747576
252,tsetserleg,47.475,101.4542,18.7,54,5,2.39,MN,1719747578
253,kruisfontein,-34.0033,24.7314,19.38,55,62,3.46,ZA,1719747581
254,lerwick,60.1545,-1.1494,11.0,86,100,7.1,GB,1719747582
255,morwa,22.9,73.8333,31.18,66,100,9.09,IN,1719747584
256,lihue,21.9789,-159.3672,24.09,79,100,7.2,US,1719747573
257,as sulayyil,20.4607,45.5779,45.14,6,10,2.45,SA,1719747587
258,richards bay,-28.783,32.0377,25.8,33,29,2.52,ZA,1719747589
259,weatherford,32.7593,-97.7972,26.3,82,57,0.89,US,1719747591
260,suihua,46.6406,126.9969,17.56,67,87,4.95,CN,1719747593
261,jamaame,0.0697,42.745,29.87,56,20,7.86,SO,1719747595
262,warrnambool,-38.3833,142.4833,9.95,66,95,4.68,AU,1719747597
263,east london,-33.0153,27.9116,20.52,68,0,7.2,ZA,1719747599
264,igarka,67.4667,86.5833,13.73,41,56,3.51,RU,1719747601
265,khandyga,62.6667,135.6,16.01,60,63,1.81,RU,1719747603
266,yemetsk,63.4721,41.7941,25.64,36,29,5.0,RU,1719747605
267,nikolayevsk-on-amure,53.1406,140.73,10.65,77,17,1.31,RU,1719747607
268,hobyo,5.3505,48.5268,29.29,63,46,13.35,SO,1719747608
269,mount isa,-20.7333,139.5,23.87,53,55,5.66,AU,1719747610
270,bayanhongor,46.7167,100.1167,17.3,43,34,3.64,MN,1719747612
271,fortaleza,-3.7227,-38.5247,27.34,88,75,4.63,BR,1719747541
272,hithadhoo,-0.6,73.0833,28.75,72,5,2.24,MV,1719747616
273,san patricio,28.017,-97.5169,29.35,82,6,2.83,US,1719747617
274,puerto deseado,-47.7503,-65.8938,2.2,83,85,6.14,AR,1719747619
275,crane,31.3974,-102.3501,23.55,77,3,7.0,US,1719747621
276,luau,-10.7073,22.2247,31.7,17,33,1.08,AO,1719747625
277,happy valley-goose bay,53.3168,-60.3315,13.17,100,100,1.54,CA,1719747627
278,yeppoon,-23.1333,150.7333,21.25,87,19,2.8,AU,1719747629
279,rusera,25.75,86.0333,29.82,74,100,1.2,IN,1719747631
280,peniche,39.3558,-9.3811,20.06,88,99,3.5,PT,1719747633
281,atafu village,-8.5421,-172.5159,28.28,78,53,7.96,TK,1719747635
282,abepura,-2.6333,140.5833,23.45,100,40,1.54,ID,1719747637
283,port lavaca,28.615,-96.6261,27.81,94,0,2.06,US,1719747639
284,yugorsk,61.3133,63.3319,22.6,40,93,3.72,RU,1719747641
285,tomatlan,19.9333,-105.25,24.18,89,100,0.56,MX,1719747643
286,jhargram,22.45,86.9833,27.56,93,100,4.81,IN,1719747645
287,la ronge,55.1001,-105.2842,12.14,71,20,2.57,CA,1719747647
288,codrington,-38.2667,141.9667,9.49,71,100,4.41,AU,1719747649
289,nova vicosa,-17.8919,-39.3719,24.79,65,31,0.47,BR,1719747651
290,bryne,58.7354,5.6477,13.88,85,40,4.12,NO,1719747653
291,mokrous,51.2333,47.5167,26.04,28,47,4.62,RU,1719747655
292,antofagasta,-23.65,-70.4,12.6,64,35,1.54,CL,1719747364
293,gornopravdinsk,60.05,69.9,14.25,77,99,0.41,RU,1719747658
294,rio preto da eva,-2.6994,-59.6997,27.33,68,8,0.69,BR,1719747660
295,tamandare,-8.7597,-35.1047,24.95,76,72,2.09,BR,1719747663
296,pisco,-13.7,-76.2167,16.03,88,100,1.03,PE,1719747665
297,leer,53.2316,7.461,21.67,71,100,0.45,DE,1719747667
298,scottsburg,38.6856,-85.7702,25.89,62,19,1.34,US,1719747668
299,szczebrzeszyn,50.695,22.9795,31.71,41,12,5.19,PL,1719747670
300,holualoa,19.6228,-155.9522,21.91,93,0,2.06,US,1719747672
301,pucheng,27.9233,118.5333,25.09,95,100,1.12,CN,1719747674
302,guangyuan,32.442,105.823,27.15,72,100,5.41,CN,1719747675
303,luderitz,-26.6481,15.1594,16.6,71,27,4.12,NA,1719747677
304,wamba,8.9333,8.6,31.17,55,18,2.63,NG,1719747679
305,al muwayh,22.4333,41.7583,40.64,6,26,8.45,SA,1719747681
306,sitka,57.0531,-135.33,12.94,88,100,2.06,US,1719747685
307,shancheng,34.7953,116.0817,23.99,85,77,7.1,CN,1719747687
308,tweed heads,-28.1817,153.547,21.23,94,100,2.06,AU,1719747688
309,edson,53.5835,-116.4356,9.08,93,0,2.57,CA,1719747690
310,virginia beach,36.8529,-75.978,27.81,91,20,5.66,US,1719747692
311,chai nat,15.1167,100.1,30.59,99,100,3.8,TH,1719747693
312,nykvarn,59.8,18.3,17.99,63,92,1.29,SE,1719747695
313,caconda,-13.7333,15.0667,25.88,17,0,2.25,AO,1719747697
314,weno,7.4515,151.8468,28.82,78,33,5.84,FM,1719747699
315,karratha,-20.7377,116.8463,21.93,38,0,3.0,AU,1719747701
316,teknaf,20.8624,92.3058,28.04,85,100,7.28,BD,1719747702
317,douentza,14.9951,-2.9517,37.47,32,34,4.61,ML,1719747704
318,urumqi,43.801,87.6005,28.53,35,0,4.0,CN,1719747706
319,berdigestyakh,62.0989,126.6992,18.33,92,100,3.09,RU,1719747708
320,tekeli,44.83,78.8239,18.09,84,100,3.75,KZ,1719747710
321,chibougamau,49.9168,-74.3659,12.79,94,100,4.12,CA,1719747712
322,saipan,15.1355,145.701,28.39,83,20,6.17,MP,1719747713
323,severo-yeniseyskiy,60.3725,93.0408,25.82,51,16,7.93,RU,1719747715
324,kandyagash,49.4744,57.4233,15.58,59,100,7.82,KZ,1719747717
325,santa elena de uairen,4.6167,-61.1333,22.06,71,31,0.53,VE,1719747719
326,mariental,-24.6333,17.9667,25.59,16,0,8.67,NA,1719747720
327,tura,25.5198,90.2201,25.67,95,100,3.33,IN,1719747722
328,raja,8.4596,25.678,32.36,42,100,1.63,SS,1719747724
329,melekeok village,7.4957,134.6367,27.31,89,100,3.09,PW,1719747726
330,road town,18.4167,-64.6167,29.02,79,75,4.12,VG,1719747727
331,lamu,-2.2717,40.902,26.94,70,42,7.44,KE,1719747729
332,temuco,-38.7333,-72.6,1.87,82,92,1.83,CL,1719747731
333,thief river falls,48.1191,-96.1812,7.53,100,0,0.0,US,1719747733
334,coeur d'alene,47.6777,-116.7805,17.74,84,40,3.09,US,1719747473
335,ilam,26.9167,87.9167,25.15,92,91,1.08,NP,1719747736
336,vilyuysk,63.7553,121.6247,19.15,66,65,1.96,RU,1719747738
337,skhira,34.2992,10.07,34.82,50,4,6.21,TN,1719747740
338,kakching,24.4833,93.9833,27.88,95,100,0.83,IN,1719747741
339,sao joao da barra,-21.6403,-41.0511,22.05,86,100,6.23,BR,1719747743
340,guerrero negro,27.9769,-114.0611,17.64,89,71,3.73,MX,1719747745
341,mejit,10.2753,170.8646,27.84,79,100,7.19,MH,1719747747
342,haiku-pauwela,20.9219,-156.3051,21.81,69,6,2.68,US,1719747748
343,al jawf,29.5,38.75,38.22,12,0,3.64,SA,1719747750
344,namsos,64.4662,11.4957,17.95,42,40,3.09,NO,1719747752
345,nabire,-3.3667,135.4833,24.85,92,100,0.73,ID,1719747754
346,biltine,14.5333,20.9167,33.31,40,100,5.63,TD,1719747756
347,priozersk,61.0393,30.1291,25.0,49,83,2.68,RU,1719747758
348,lenger,42.183,69.8839,31.69,20,4,6.11,KZ,1719747760
349,ghat,24.9647,10.1728,40.71,7,3,6.89,LY,1719747762
350,saint-denis,48.9167,2.3333,23.36,58,100,3.6,FR,1719747764
351,hovd,48.0056,91.6419,29.96,21,71,2.92,MN,1719747766
352,kasongo-lunda,-6.4667,16.8167,35.82,19,58,0.36,CD,1719747768
353,monforte de lemos,42.5216,-7.5142,23.09,62,81,1.77,ES,1719747771
354,alexandria,31.2156,29.9553,30.3,67,48,5.99,EG,1719747773
355,naze,28.3667,129.4833,26.51,86,100,5.42,JP,1719747775
356,nam dinh,20.4167,106.1667,31.09,70,100,5.71,VN,1719747777
357,jijiga,9.35,42.8,27.07,38,20,7.78,ET,1719747779
358,erdenet,49.0333,104.0833,20.63,60,20,2.13,MN,1719747781
359,ambon,-3.6954,128.1814,27.71,95,75,2.06,ID,1719747782
360,kingston,17.997,-76.7936,26.76,74,34,3.09,JM,1719747784
361,twon-brass,4.3151,6.2418,27.48,78,98,5.85,NG,1719747786
362,asau,46.4333,26.4,33.94,32,0,3.27,RO,1719747788
363,abalak,58.1286,68.5944,15.34,72,89,4.06,RU,1719747789
364,puerto baquerizo moreno,-0.9,-89.6,21.05,88,58,4.52,EC,1719747791
365,balikpapan,-1.2675,116.8289,27.55,94,20,2.06,ID,1719747793
366,xuddur,4.1213,43.8894,31.66,31,74,10.22,SO,1719747795
367,mount pleasant,32.7941,-79.8626,28.33,92,0,0.45,US,1719747667
368,mersing,2.4312,103.8405,23.95,100,40,2.57,MY,1719747798
369,lagoa do itaenga,-7.9361,-35.2903,23.9,72,60,2.78,BR,1719747800
370,i-n-salah,27.1935,2.4607,47.1,5,0,5.47,DZ,1719747802
371,dubbo,-32.25,148.6167,6.07,81,12,3.09,AU,1719747804
372,linxia chengguanzhen,35.6003,103.2064,17.03,66,99,1.74,CN,1719747806
373,marquelia,16.5833,-98.8167,25.12,88,100,1.73,MX,1719747807
374,dwarka,22.2394,68.9678,29.86,85,71,9.36,IN,1719747809
375,dunedin,-45.8742,170.5036,8.78,82,100,4.02,NZ,1719747811
376,nova sintra,14.8667,-24.7167,24.05,78,5,5.09,CV,1719747813
377,al kharijah,25.4514,30.5464,39.16,16,6,4.44,EG,1719747815
378,hola,51.5377,23.1902,33.1,39,1,5.74,PL,1719747817
379,mamuju,-2.6748,118.8885,25.86,90,68,2.02,ID,1719747820
380,nchelenge,-9.3451,28.734,25.21,43,19,4.53,ZM,1719747822
381,vanimo,-2.6741,141.3028,25.42,93,100,2.61,PG,1719747824
382,rawson,-43.3002,-65.1023,5.17,54,67,5.79,AR,1719747825
383,la passe,45.5549,-0.8967,22.23,71,15,4.35,FR,1719747827
384,vila velha,-20.3297,-40.2925,22.97,83,20,1.54,BR,1719747830
385,kone,-21.0595,164.8658,18.89,82,24,1.98,NC,1719747832
386,inhambane,-23.865,35.3833,26.99,54,40,3.09,MZ,1719747834
387,nova olimpia,-14.7972,-57.2881,17.27,79,8,2.04,BR,1719747836
388,darwin,-12.4611,130.8418,26.99,69,0,4.63,AU,1719747811
389,springbok,-29.6643,17.8865,16.86,44,99,5.37,ZA,1719747841
390,lysekil,58.2743,11.4358,16.68,91,100,0.45,SE,1719747844
391,kimbe,-5.5502,150.1429,24.47,90,99,2.51,PG,1719747774
392,paraiso,9.8383,-83.8656,18.31,100,74,1.73,CR,1719747849
393,uusikaupunki,60.8004,21.4084,17.16,74,97,5.53,FI,1719747852
394,berbera,10.4396,45.0143,36.79,38,25,5.25,SO,1719747854
395,chegdomyn,51.1167,133.0167,13.84,53,16,1.27,RU,1719747857
396,porbandar,21.6422,69.6093,29.62,82,87,9.46,IN,1719747860
397,port alberni,49.2413,-124.8028,15.91,92,100,0.89,CA,1719747578
398,sinop,41.7711,34.8709,23.62,49,0,6.62,TR,1719747865
399,tralee,52.2704,-9.7026,15.14,72,75,3.09,IE,1719747867
400,klyuchi,52.2667,79.1667,29.62,34,24,1.28,RU,1719747869
401,el hadjira,32.6134,5.5126,47.77,5,1,5.76,DZ,1719747872
402,aginskoye,51.1,114.53,22.54,46,54,3.03,RU,1719747875
403,kentville,45.0835,-64.4988,15.14,91,100,2.06,CA,1719747877
404,caleta de carquin,-11.0925,-77.6267,17.26,86,50,4.27,PE,1719747880
405,vallenar,-28.5708,-70.7581,15.14,23,0,1.58,CL,1719747882
406,northam,51.0333,-4.2167,17.01,76,6,6.13,GB,1719747885
407,atlantic,39.4668,-74.6663,23.52,96,20,4.63,US,1719747888
408,mili,6.0815,171.735,28.06,74,91,2.62,MH,1719747890
409,hamar,60.7945,11.068,19.72,35,32,2.73,NO,1719747893
410,laguna,38.421,-121.4238,22.02,68,0,0.0,US,1719747895
411,baker city,44.7749,-117.8344,13.69,83,100,2.13,US,1719747898
412,conception bay south,47.4999,-52.9981,13.58,87,100,4.94,CA,1719747900
413,dulce grande,23.0,-102.1667,15.8,79,100,4.14,MX,1719747903
414,metro,-5.1131,105.3067,25.14,89,66,1.56,ID,1719747906
415,illizi,26.4833,8.4667,42.89,6,0,7.16,DZ,1719747908
416,kresttsy,58.2452,32.5165,25.81,41,27,2.91,RU,1719747911
417,pavlovka,52.6897,47.1405,25.18,31,26,3.52,RU,1719747913
418,kirs,59.3388,52.2447,26.09,35,45,4.07,RU,1719747916
419,hawera,-39.5917,174.2833,11.8,91,90,4.13,NZ,1719747919
420,lamar,33.6668,-95.5836,27.21,93,88,2.7,US,1719747922
421,miles city,46.4083,-105.8406,15.54,72,0,3.6,US,1719747924
422,selfoss,63.9331,-20.9971,12.8,89,100,6.59,IS,1719747927
423,antsiranana,-12.2787,49.2917,30.42,45,75,7.2,MG,1719747929
424,nizhniy kuranakh,58.8353,125.4869,17.36,93,100,1.42,RU,1719747932
425,sentjur,46.2172,15.3975,32.55,56,51,6.0,SI,1719747935
426,oranjemund,-28.55,16.4333,16.22,77,55,4.99,NA,1719747938
427,manggar,-2.8833,108.2667,27.56,79,81,3.1,ID,1719747940
428,bodaybo,57.8506,114.1933,25.0,73,75,1.19,RU,1719747943
429,port blair,11.6667,92.75,26.8,85,100,5.6,IN,1719747665
430,ialibu,-6.2821,143.9935,14.87,96,79,0.72,PG,1719747954
431,goundam,16.4145,-3.6708,38.9,27,38,6.36,ML,1719747959
432,pierre,44.3683,-100.351,13.81,82,0,2.68,US,1719747962
433,dracut,42.6704,-71.302,25.65,83,20,4.12,US,1719747964
434,pangody,65.85,74.4859,10.55,88,99,2.21,RU,1719747967
435,kalmunai,7.4167,81.8167,31.85,61,71,9.65,LK,1719747969
436,illapel,-31.6308,-71.1653,14.7,34,0,2.53,CL,1719747972
437,port macquarie,-31.4333,152.9167,13.93,98,99,0.89,AU,1719747974
438,namibe,-15.1961,12.1522,24.61,51,0,6.75,AO,1719747977
439,garoua boulai,5.8833,14.55,28.47,51,72,1.94,CM,1719747680
440,mount pearl,47.5166,-52.7813,13.25,86,75,6.69,CA,1719747983
441,tchibanga,-2.85,11.0333,33.17,40,30,0.94,GA,1719747985
442,coahuayana de hidalgo,18.7,-103.6583,23.93,94,92,0.61,MX,1719747988
443,mokhsogollokh,61.4681,128.9203,18.99,70,100,1.57,RU,1719747990
444,kosong,38.3788,128.4676,21.27,94,55,4.13,KR,1719747995
445,cannonvale,-20.2833,148.7,21.66,86,8,2.73,AU,1719748009
446,puerto madryn,-42.7692,-65.0385,5.93,51,41,5.61,AR,1719748011
447,manado,1.487,124.8455,25.43,100,40,1.03,ID,1719747668
448,bani walid,31.7566,13.9942,36.73,20,0,5.71,LY,1719747765
449,nola,40.922,14.5329,31.61,60,15,4.3,IT,1719748020
450,port loko,8.7667,-12.7833,29.95,68,93,2.02,SL,1719748023
451,hanceville,34.0607,-86.7675,25.95,94,20,1.83,US,1719748025
452,lompoc,34.6391,-120.4579,11.74,95,100,0.0,US,1719748027
453,nemuro,43.3236,145.575,13.91,93,100,6.69,JP,1719748029
454,laramie,41.3114,-105.5911,11.64,80,59,3.44,US,1719748031
455,wynyard,-41.0,145.7167,5.14,83,4,3.6,AU,1719748034
456,pacific grove,36.6177,-121.9166,13.01,92,0,1.54,US,1719748037
457,shiraz,29.6036,52.5388,38.69,16,20,2.06,IR,1719748039
458,orapa,-21.2833,25.3667,25.14,20,0,1.37,BW,1719748042
459,rabo de peixe,37.8,-25.5833,21.73,68,75,5.66,PT,1719748044
460,rauma,61.1272,21.5113,19.02,61,95,5.25,FI,1719747981
461,saint-philippe,-21.3585,55.7679,24.77,64,40,4.74,RE,1719748048
462,ceerigaabo,10.6162,47.368,27.02,35,43,9.99,SO,1719748051
463,corrientes,-27.4806,-58.8341,8.34,83,0,0.89,AR,1719748053
464,newman,37.3138,-121.0208,21.27,72,1,2.04,US,1719748055
465,trevelin,-43.0858,-71.4639,4.71,99,98,1.4,AR,1719748057
466,ketchikan,55.3422,-131.6461,12.26,100,100,2.57,US,1719748060
467,jean-rabel,19.8533,-73.1917,27.59,74,27,3.14,HT,1719748062
468,dalnegorsk,44.5604,135.5701,17.67,96,100,1.76,RU,1719748064
469,ostersund,63.1792,14.6357,15.25,63,0,2.06,SE,1719748067
470,inyonga,-6.7167,32.0667,29.27,23,27,2.21,TZ,1719748069
471,alice springs,-23.7,133.8833,12.75,94,100,4.63,AU,1719747906
472,margate,51.3813,1.3862,15.94,83,99,6.39,GB,1719748074
473,irbit,57.6705,63.071,19.23,49,67,4.15,RU,1719748076
474,lebyazh'ye,55.2689,66.4947,19.69,74,71,4.51,RU,1719748079
475,zindah jan,34.3426,61.7468,35.33,16,16,12.71,AF,1719748081
476,conceicao da barra,-18.5933,-39.7322,25.67,68,30,1.46,BR,1719748083
477,dongtai,32.8523,120.3095,24.83,92,100,2.06,CN,1719748086
478,sukhobezvodnoye,57.0491,44.8891,27.83,38,1,2.84,RU,1719748088
479,san andres,12.5847,-81.7006,28.01,89,20,4.63,CO,1719747808
480,nellore,14.4333,79.9667,33.26,51,100,4.13,IN,1719747787
481,tuba city,36.135,-111.2399,22.43,63,78,1.34,US,1719748096
482,christchurch,-43.5333,172.6333,9.97,85,81,0.51,NZ,1719747887
483,pocatello,42.8713,-112.4455,14.95,58,0,1.54,US,1719748100
484,coshocton,40.272,-81.8596,24.69,92,44,2.9,US,1719748103
485,mongo,12.1844,18.693,34.12,36,94,4.09,TD,1719748106
486,baykal'sk,51.5058,104.1469,18.0,68,6,0.63,RU,1719748108
487,los llanos de aridane,28.6585,-17.9182,21.74,82,75,4.63,ES,1719748111
488,olinda,-8.0089,-34.8553,24.85,78,40,3.6,BR,1719748113
489,nalut,30.3333,10.85,40.49,10,0,3.35,LY,1719748115
490,carolina beach,34.0352,-77.8936,28.04,93,5,3.26,US,1719748117
491,semey,50.4111,80.2275,32.12,33,0,5.0,KZ,1719748120
492,dravograd,46.5881,15.0192,33.06,38,67,5.87,SI,1719748122
493,coquimbo,-29.9533,-71.3436,8.85,100,100,1.54,CL,1719748124
494,al jubayl,27.0112,49.6583,37.28,40,54,5.75,SA,1719748127
495,puerto lempira,15.2667,-83.7667,25.8,87,100,1.76,HN,1719748129
496,linyi,35.0631,118.3428,29.16,51,3,4.04,CN,1719748008
497,marang,5.2056,103.2059,24.95,86,100,1.32,MY,1719748134
498,laibin,23.7,109.2667,27.34,88,100,3.59,CN,1719748137
499,kyren,51.6828,102.1408,26.32,50,3,2.05,RU,1719748139
500,dolores hidalgo cuna de la independencia nacional,21.1561,-100.9308,15.53,86,100,3.65,MX,1719748145
501,itaituba,-4.2761,-55.9836,26.09,89,0,0.0,BR,1719748147
502,sharypovo,55.5403,89.2008,22.2,82,97,3.15,RU,1719748149
503,escarcega,18.6089,-90.7454,23.31,99,100,2.23,MX,1719748152
504,kertih,4.5141,103.4483,29.01,79,40,1.03,MY,1719748154
505,las heras,-46.5419,-68.9359,-1.23,89,21,5.51,AR,1719748157
506,qamdo,31.1667,97.2333,8.62,72,93,0.95,CN,1719748160
507,la'ie,21.6477,-157.9253,24.5,79,5,2.68,US,1719748162
508,kourou,5.1552,-52.6478,27.03,88,41,2.35,GF,1719748165
509,weiler-simmerberg,47.5833,9.9333,21.12,67,98,3.47,DE,1719748168
510,kenora,49.8167,-94.4337,11.54,76,0,3.6,CA,1719748170
511,pucon,-39.2822,-71.9543,3.49,84,86,2.1,CL,1719748173
512,sulak,43.2734,47.5146,26.77,47,15,6.56,RU,1719748175
513,sisimiut,66.9395,-53.6735,4.7,85,98,2.11,GL,1719748178
514,monte carmelo,-18.7247,-47.4986,21.94,41,3,0.74,BR,1719748180
515,pechora,65.1472,57.2244,17.47,88,89,5.38,RU,1719748183
516,bengkulu,-3.8004,102.2655,25.9,87,69,1.77,ID,1719747975
517,quatre cocos,-20.2078,57.7625,24.06,69,50,6.82,MU,1719748187
518,brindisi,40.5833,17.6667,36.36,31,0,3.91,IT,1719748189
519,rabaul,-4.1967,152.1721,26.83,79,69,4.75,PG,1719748194
520,pundong,-7.9522,110.3486,25.74,86,65,4.15,ID,1719748198
521,vorkuta,67.5,64.0,11.98,69,72,7.42,RU,1719748200
522,reggane,26.7158,0.1714,47.6,4,0,6.31,DZ,1719748203
523,det udom,14.906,105.0784,31.9,75,100,3.15,TH,1719748206
524,sao vicente,-23.9631,-46.3919,18.1,70,100,1.34,BR,1719748208
525,zakamensk,50.3741,103.2863,23.53,48,11,1.49,RU,1719748211
526,nar'yan-mar,67.6713,53.087,12.83,54,100,4.96,RU,1719748214
527,olyokminsk,60.3736,120.4264,24.42,56,84,2.28,RU,1719748216
528,egilsstadir,65.2653,-14.3948,16.95,48,0,4.63,IS,1719748219
529,leava,-14.3,-178.1667,27.02,80,56,9.39,WF,1719748222
530,kuqa,41.7278,82.9364,34.06,18,54,1.33,CN,1719748224
531,ad darb,17.7229,42.2526,42.36,22,35,14.79,SA,1719748227
532,behompy,-23.2496,43.8557,27.08,29,0,4.19,MG,1719748229
533,three points,32.0767,-111.3137,28.27,51,83,2.29,US,1719748232
534,ariquemes,-9.9133,-63.0408,22.86,66,56,2.57,BR,1719748234
535,banda aceh,5.5577,95.3222,28.03,70,93,1.74,ID,1719747732
536,sabang,5.8933,95.3214,29.46,64,100,3.41,ID,1719748242
537,nema,57.5067,50.5011,24.55,39,69,3.91,RU,1719748244
538,thul,28.2403,68.7759,46.24,21,0,6.32,PK,1719748250
539,jiuquan,39.7432,98.5174,24.52,35,70,3.6,CN,1719748253
540,cockburn town,21.4612,-71.1419,28.36,78,78,7.32,TC,1719748255
541,usogorsk,63.4106,48.6872,24.74,54,30,4.16,RU,1719748257
542,vung tau,10.346,107.0843,28.95,76,69,4.99,VN,1719748259
543,chauk,20.8833,94.8167,30.98,58,96,8.52,MM,1719748261
544,zarghun shahr,32.8473,68.4457,33.87,12,1,2.64,AF,1719748262
545,dawson creek,55.7666,-120.2362,9.8,87,0,0.0,CA,1719748264
546,san fernando de apure,7.8878,-67.4724,23.99,95,99,1.92,VE,1719748266
547,excelsior springs,39.3392,-94.2261,19.43,87,1,4.42,US,1719748268
548,yelizovo,53.1873,158.3805,17.08,72,75,2.0,RU,1719748270
549,ta`u,-14.2336,-169.5144,26.94,76,83,7.88,AS,1719748271
550,arsk,56.0915,49.8778,23.7,44,99,3.95,RU,1719748275
551,ginir,7.1333,40.7,25.01,40,18,7.07,ET,1719748277
552,yatou,37.15,122.3833,22.91,89,2,2.15,CN,1719748278
553,moranbah,-22.0016,148.0466,19.51,74,48,3.87,AU,1719748280
554,steinbach,50.1667,8.5667,20.74,77,75,4.63,DE,1719748282
555,daru,-9.0763,143.2092,25.34,87,92,7.95,PG,1719748284
556,constitucion,-35.3333,-72.4167,7.47,59,3,2.92,CL,1719748286
557,novyy urengoy,66.0833,76.6333,13.31,64,75,4.9,RU,1719748287
558,bemidji,47.4736,-94.8803,7.81,100,0,0.0,US,1719748289
559,magway,20.15,94.9167,30.28,64,100,5.11,MM,1719748291
560,ilabaya,-17.4208,-70.5133,17.29,41,2,1.12,PE,1719748293
561,astara,38.5,48.6667,23.39,52,19,3.62,AZ,1719748295
562,lazaro cardenas,17.9583,-102.2,24.75,87,100,1.2,MX,1719748296
563,san martin de los andes,-40.1604,-71.3486,-1.92,98,57,2.22,AR,1719748298
564,cooma,-36.2333,149.1333,2.13,94,23,1.78,AU,1719748300
565,al khums,32.6486,14.2619,29.16,53,0,5.05,LY,1719748302
566,nohar,29.1833,74.7667,39.85,29,25,3.72,IN,1719748303
567,laojunmiao,39.8333,97.7333,20.65,36,79,3.88,CN,1719748305
568,makoua,0.0069,15.6333,36.16,29,86,1.27,CG,1719748307
569,abadeh,31.1608,52.6506,35.3,10,0,7.48,IR,1719748309
570,samraong,12.4526,105.5873,29.0,70,99,1.93,KH,1719748030
571,eregli,37.5133,34.0467,27.11,24,70,2.49,TR,1719748312
572,revda,56.801,59.9303,19.47,40,48,5.16,RU,1719748314
573,at taj,24.2049,23.2857,36.49,17,28,6.05,LY,1719748316
574,kabalo,-6.05,26.9167,34.73,21,58,2.98,CD,1719748317
575,midvagur,62.0511,-7.1939,12.46,82,75,7.2,FO,1719748319
